Replication, Ex(m), Ey(m), Ez(m)
1, 8.186037, 0.2085289, 0.01740446
2, 8.387084, 0.1942495, 0.007821119
3, 8.217531, 0.1999769, 0.008110358
4, 8.462663, 0.1906974, 0.01052976
5, 8.591401, 0.189428, 0.009669524
6, 8.424978, 0.1884054, 0.01084979
7, 8.242715, 0.1955864, 0.01038423
8, 8.465899, 0.1966262, 0.008515982
9, 8.261423, 0.2029467, 0.01019362
10, 8.202077, 0.200164, 0.009329998
