Replication, Ex(m), Ey(m), Ez(m)
1, 9.390366, 0.1510341, 0.09133399
2, 8.729894, 0.155732, 0.09173933
3, 9.079846, 0.1476857, 0.08941247
4, 8.837392, 0.1443084, 0.08935803
5, 8.977142, 0.1492266, 0.09452151
6, 8.917691, 0.1519197, 0.09484129
7, 9.20673, 0.1533946, 0.09292299
8, 8.867915, 0.1514518, 0.08997109
9, 8.786618, 0.1597929, 0.09408438
10, 8.492861, 0.150791, 0.09149245
