Replication, Ex(m), Ey(m), Ez(m)
1, 9.699022, 0.1817191, 0.1064702
2, 9.18112, 0.168749, 0.1006945
3, 9.034007, 0.1694781, 0.1003985
4, 9.078773, 0.1763406, 0.1053585
5, 8.727227, 0.1744406, 0.1037117
6, 9.337955, 0.1645692, 0.101241
7, 9.157561, 0.1704049, 0.1026616
8, 9.677736, 0.175692, 0.1049798
9, 9.283838, 0.1731161, 0.1027099
10, 9.518735, 0.1674856, 0.1039814
