Replication, Ex(m), Ey(m), Ez(m)
1, 18.59001, 0.1522225, 0.1096545
2, 18.42847, 0.1408173, 0.1097192
3, 18.70153, 0.1445205, 0.1082512
4, 18.13016, 0.1373924, 0.1067604
5, 18.21362, 0.1397159, 0.1062522
6, 18.40989, 0.1426238, 0.108184
7, 18.47768, 0.1399805, 0.1103113
8, 18.71301, 0.1450524, 0.1093201
9, 18.32504, 0.1387297, 0.1092615
10, 18.00141, 0.1384707, 0.105151
