Replication, Ex(m), Ey(m), Ez(m)
1, 22.8253, 0.1201897, 0.02738719
2, 23.09172, 0.1065855, 0.01480581
3, 22.7972, 0.101319, 0.01835302
4, 23.12339, 0.08595066, 0.01555009
5, 23.07739, 0.0863113, 0.01603697
6, 23.51292, 0.08339424, 0.01572298
7, 23.41837, 0.09652627, 0.01551837
8, 22.63431, 0.1001156, 0.01540565
9, 22.99082, 0.1006684, 0.01717447
10, 23.39951, 0.0897098, 0.01626562
