Replication, Ex(m), Ey(m), Ez(m)
1, 5.422537, 0.1114002, 0.01563887
2, 5.256622, 0.1211835, 0.008412793
3, 5.599585, 0.1184819, 0.01037587
4, 5.386674, 0.1027845, 0.01096391
5, 5.461826, 0.1053604, 0.01156028
6, 5.36599, 0.1116581, 0.0115138
7, 5.347172, 0.1126905, 0.009938132
8, 5.613535, 0.1195945, 0.01142209
9, 5.608696, 0.1192755, 0.009145377
10, 5.454395, 0.1171822, 0.008983324
