Replication, Ex(m), Ey(m), Ez(m)
1, 9.317175, 0.1607879, 0.09833139
2, 9.223054, 0.1532068, 0.09666745
3, 8.830454, 0.159142, 0.09495745
4, 9.229542, 0.1484069, 0.09810005
5, 8.954793, 0.1519034, 0.09240637
6, 9.277234, 0.1486467, 0.09757936
7, 9.051107, 0.1546086, 0.09679568
8, 8.904395, 0.1591856, 0.09755634
9, 9.04384, 0.1553235, 0.09650277
10, 8.978706, 0.1466633, 0.0968923
