Replication, Ex(m), Ey(m), Ez(m)
1, 8.589851, 0.1680131, 0.09562471
2, 8.803622, 0.1517059, 0.09117699
3, 9.087626, 0.1466376, 0.08902618
4, 8.771529, 0.146401, 0.09093304
5, 8.77735, 0.1468178, 0.09244436
6, 8.749858, 0.1458284, 0.09230111
7, 9.673266, 0.1508754, 0.09779695
8, 8.813101, 0.1516045, 0.09052171
9, 9.033062, 0.1478163, 0.08777338
10, 8.620973, 0.1490904, 0.09196875
