Replication, Ex(m), Ey(m), Ez(m)
1, 8.889075, 0.16775, 0.09566797
2, 9.52373, 0.1492544, 0.09246585
3, 8.611164, 0.153912, 0.09138833
4, 8.81621, 0.1480378, 0.09113208
5, 8.686125, 0.1480853, 0.09144134
6, 8.978802, 0.1487851, 0.09283513
7, 9.140392, 0.1576802, 0.09576903
8, 9.214212, 0.1470517, 0.0900603
9, 9.511763, 0.1559888, 0.09425987
10, 8.915256, 0.1427191, 0.08883333
