Replication, Ex(m), Ey(m), Ez(m)
1, 8.896669, 0.1659606, 0.0945216
2, 8.950876, 0.1472501, 0.08885895
3, 9.4026, 0.1471528, 0.09317672
4, 9.544339, 0.1467922, 0.09438279
5, 9.521409, 0.1405231, 0.09509557
6, 8.68821, 0.1473188, 0.09253483
7, 8.838656, 0.1520609, 0.09224921
8, 8.854336, 0.1512177, 0.09071639
9, 9.259942, 0.1471444, 0.08967891
10, 9.011595, 0.1417025, 0.0880686
